{"cameraMode":{"drawMode":0,"name":"Shaded","section":"Shading Mode"},"sceneLighting":true,"audioPlay":false,"sceneViewState":{"m_AlwaysRefresh":false,"showFog":true,"showSkybox":true,"showFlares":true,"showImageEffects":true,"showParticleSystems":true,"showVisualEffectGraphs":true,"m_FxEnabled":true},"in2DMode":false,"pivot":{"x":-0.2256183624267578,"y":1.8714914321899415,"z":1.510526180267334},"rotation":{"x":-0.48677384853363039,"y":-0.09606063365936279,"z":0.05396080017089844,"w":-0.8665522336959839},"size":2.5725009441375734,"orthographic":false}