{"cameraMode":{"drawMode":0,"name":"Shaded","section":"Shading Mode"},"sceneLighting":false,"audioPlay":false,"sceneViewState":{"m_AlwaysRefresh":false,"showFog":true,"showSkybox":false,"showFlares":true,"showImageEffects":true,"showParticleSystems":true,"showVisualEffectGraphs":true,"m_FxEnabled":true},"in2DMode":false,"pivot":{"x":1.074941635131836,"y":0.7200000286102295,"z":1.4916362762451172},"rotation":{"x":0.0094712870195508,"y":0.8954894542694092,"z":-0.44457244873046877,"w":0.019077681005001069},"size":0.8660283088684082,"orthographic":false}